symbol,date,return,direction,move_type,avg_volume_5d,move_volume,volume_surge_pct,consecutive_increases,volume_trend_pct,avg_return_5d,volume_pattern
PLTG,2026-01-02,-11.04,DOWN,single_day,65020,705300,984.7,3,118.9,-4.61,EXPLOSIVE_SURGE
ASMG,2026-01-02,17.4,UP,single_day,33560,240000,615.1,2,95.9,0.13,EXPLOSIVE_SURGE
NVOX,2025-12-23,14.55,UP,single_day,514120,3381900,557.8,2,39.6,-0.94,EXPLOSIVE_SURGE
RIOX,2025-12-30,-11.34,DOWN,single_day,220380,1253200,468.7,1,-38.6,-4.44,EXPLOSIVE_SURGE
APPX,2026-01-02,-16.45,DOWN,single_day,184700,1012000,447.9,3,-2.2,-3.84,EXPLOSIVE_SURGE
PTIR,2026-01-02,-11.15,DOWN,single_day,1442480,7896000,447.4,3,32.4,-4.4,EXPLOSIVE_SURGE
SOFX,2026-01-06,-15.53,DOWN,single_day,467280,1864600,299.0,3,-5.3,4.45,EXPLOSIVE_SURGE
LABX,2026-01-05,-13.9,DOWN,single_day,533900,1891300,254.2,2,102.2,3.75,EXPLOSIVE_SURGE
ADBG,2026-01-02,-10.89,DOWN,2_day,191960,668300,248.1,1,-3.9,-0.51,EXPLOSIVE_SURGE
PLTU,2026-01-02,-11.14,DOWN,single_day,690340,2397500,247.3,2,29.3,-4.42,EXPLOSIVE_SURGE
CRWL,2026-01-02,-10.05,DOWN,2_day,42500,147100,246.1,2,49.3,-1.16,EXPLOSIVE_SURGE
PXIU,2026-01-05,40.35,UP,single_day,203560,697700,242.7,3,42.3,1.6,EXPLOSIVE_SURGE
BABX,2026-01-02,12.43,UP,single_day,368580,1262800,242.6,2,11.3,-1.21,EXPLOSIVE_SURGE
XRPT,2026-01-05,34.61,UP,single_day,1651740,5514400,233.9,2,10.0,3.53,EXPLOSIVE_SURGE
OPEX,2026-01-07,-23.6,DOWN,single_day,246920,822100,232.9,3,105.9,8.91,EXPLOSIVE_SURGE
ASMG,2026-01-05,11.27,UP,single_day,79000,261800,231.4,2,330.2,4.16,EXPLOSIVE_SURGE
UXRP,2026-01-05,34.91,UP,single_day,287700,945300,228.6,3,71.8,3.46,EXPLOSIVE_SURGE
INTW,2026-01-07,13.1,UP,single_day,597680,1939000,224.4,2,47.9,3.52,EXPLOSIVE_SURGE
BEX,2026-01-02,25.56,UP,single_day,209040,672900,221.9,2,90.9,-2.79,EXPLOSIVE_SURGE
YINN,2026-01-02,12.05,UP,single_day,1309100,4172800,218.8,3,98.8,-0.59,EXPLOSIVE_SURGE
SOXL,2026-01-02,12.4,UP,single_day,41757700,132719700,217.8,3,35.9,-1.24,EXPLOSIVE_SURGE
DFEN,2026-01-05,16.89,UP,2_day,140920,439100,211.6,2,-2.7,1.31,EXPLOSIVE_SURGE
NVTX,2026-01-02,35.01,UP,single_day,60560,185300,206.0,3,27.1,-3.64,EXPLOSIVE_SURGE
NVTX,2026-01-06,25.21,UP,single_day,111800,336000,200.5,2,132.2,11.84,EXPLOSIVE_SURGE
LABU,2026-01-07,10.36,UP,single_day,602380,1803000,199.3,2,102.3,0.21,EXPLOSIVE_SURGE
ADBG,2026-01-05,-10.67,DOWN,2_day,274920,814300,196.2,2,84.9,-2.93,EXPLOSIVE_SURGE
LABX,2026-01-02,15.72,UP,single_day,368180,1054300,186.4,2,50.6,-1.1,EXPLOSIVE_SURGE
SMU,2026-01-05,30.1,UP,single_day,1649000,4701100,185.1,2,-30.1,5.06,EXPLOSIVE_SURGE
CRWL,2026-01-07,10.56,UP,single_day,93520,265000,183.4,1,91.2,-2.04,EXPLOSIVE_SURGE
QUBX,2026-01-05,16.8,UP,single_day,177140,500800,182.7,2,-27.7,1.56,EXPLOSIVE_SURGE
NBIG,2026-01-06,16.2,UP,single_day,379860,1064600,180.3,2,149.3,3.84,EXPLOSIVE_SURGE
UXRP,2026-01-02,16.46,UP,single_day,197400,552600,179.9,3,21.5,-0.6,EXPLOSIVE_SURGE
SMUP,2026-01-05,30.29,UP,single_day,1633900,4519800,176.6,2,-16.4,5.1,EXPLOSIVE_SURGE
NVOX,2026-01-05,10.73,UP,single_day,526060,1432500,172.3,2,-29.1,-0.07,EXPLOSIVE_SURGE
OPEX,2026-01-09,28.6,UP,single_day,474780,1285300,170.7,3,143.5,3.44,EXPLOSIVE_SURGE
BABX,2026-01-12,20.29,UP,single_day,887900,2377100,167.7,2,4.7,-1.65,EXPLOSIVE_SURGE
BMNG,2026-01-02,28.93,UP,single_day,3608180,9324200,158.4,2,-10.6,-3.91,EXPLOSIVE_SURGE
BEX,2026-01-08,25.62,UP,single_day,586220,1513000,158.1,3,54.5,11.34,EXPLOSIVE_SURGE
APLX,2026-01-08,14.84,UP,single_day,553480,1415500,155.7,2,15.6,10.24,EXPLOSIVE_SURGE
SMUP,2026-01-06,41.08,UP,2_day,2112460,5398300,155.5,3,64.0,13.95,EXPLOSIVE_SURGE
APLX,2026-01-02,29.73,UP,single_day,262620,669900,155.1,2,56.3,-2.48,EXPLOSIVE_SURGE
JOBX,2026-01-05,23.16,UP,single_day,141380,359700,154.4,2,-29.9,1.66,EXPLOSIVE_SURGE
ETHT,2026-01-02,11.04,UP,2_day,926080,2340400,152.7,2,-16.5,0.53,EXPLOSIVE_SURGE
AGQ,2025-12-26,19.12,UP,single_day,4268960,10683000,150.2,1,-7.2,4.88,EXPLOSIVE_SURGE
NEBX,2026-01-06,15.79,UP,single_day,572780,1425100,148.8,2,8.6,3.94,EXPLOSIVE_SURGE
CRWU,2026-01-02,21.87,UP,single_day,1199320,2934200,144.7,3,36.7,-4.88,EXPLOSIVE_SURGE
UXRP,2026-01-06,27.89,UP,2_day,427060,1031500,141.5,4,286.0,12.41,EXPLOSIVE_SURGE
NVOX,2026-01-06,14.76,UP,2_day,689340,1622900,135.4,2,29.7,3.54,EXPLOSIVE_SURGE
XRPT,2026-01-06,27.83,UP,2_day,2396540,5614800,134.3,3,201.9,12.28,EXPLOSIVE_SURGE
TEMT,2026-01-06,15.2,UP,single_day,464740,1088400,134.2,2,-21.8,2.51,EXPLOSIVE_SURGE
SMU,2026-01-06,40.39,UP,2_day,2211080,5131400,132.1,2,49.1,13.77,EXPLOSIVE_SURGE
LABX,2026-01-06,-20.08,DOWN,2_day,844320,1944800,130.3,3,126.7,-0.62,EXPLOSIVE_SURGE
RIOX,2025-12-31,-12.7,DOWN,2_day,412600,947800,129.7,2,125.3,-4.64,EXPLOSIVE_SURGE
OKLL,2026-01-05,29.76,UP,single_day,2144700,4889100,128.0,2,-19.1,0.64,EXPLOSIVE_SURGE
DFEN,2026-01-02,10.14,UP,single_day,106820,242000,126.5,2,5.3,-2.06,EXPLOSIVE_SURGE
RGTU,2025-12-22,26.55,UP,single_day,333720,754100,126.0,2,-0.9,0.66,EXPLOSIVE_SURGE
IRE,2026-01-02,25.59,UP,single_day,9255840,20752300,124.2,3,7.5,-5.36,EXPLOSIVE_SURGE
CRWU,2025-12-22,51.49,UP,2_day,1850920,4115600,122.4,3,51.6,8.03,EXPLOSIVE_SURGE
BMNG,2026-01-05,14.15,UP,single_day,4853540,10673900,119.9,2,25.8,5.19,EXPLOSIVE_SURGE
OKLL,2026-01-06,13.86,UP,single_day,2663740,5855800,119.8,2,38.5,9.95,EXPLOSIVE_SURGE
BAIG,2026-01-06,17.42,UP,single_day,403240,883400,119.1,4,67.1,2.04,EXPLOSIVE_SURGE
ETHU,2026-01-02,10.35,UP,single_day,4114940,8992400,118.5,2,8.1,0.46,EXPLOSIVE_SURGE
CWVX,2026-01-02,21.63,UP,single_day,965060,2079200,115.4,1,-12.2,-4.81,EXPLOSIVE_SURGE
XXRP,2026-01-05,34.05,UP,single_day,1490720,3210400,115.4,2,7.4,3.52,EXPLOSIVE_SURGE
ASTX,2025-12-24,-17.04,DOWN,single_day,1701260,3644100,114.2,2,36.8,17.14,EXPLOSIVE_SURGE
HIMZ,2026-01-09,-12.96,DOWN,single_day,3565620,7626800,113.9,2,-5.2,0.73,EXPLOSIVE_SURGE
CONL,2026-01-05,15.46,UP,single_day,4043280,8616000,113.1,2,3.4,-0.11,EXPLOSIVE_SURGE
OPEX,2026-01-06,18.94,UP,single_day,198540,422400,112.8,3,2.3,4.26,EXPLOSIVE_SURGE
UBRL,2026-01-06,11.96,UP,single_day,110840,235900,112.8,3,98.2,-0.55,EXPLOSIVE_SURGE
RGTU,2026-01-05,11.23,UP,single_day,330200,700000,112.0,2,-44.1,2.57,EXPLOSIVE_SURGE
BEX,2026-01-05,11.87,UP,single_day,326880,686500,110.0,2,39.5,4.57,EXPLOSIVE_SURGE
INTW,2026-01-05,13.12,UP,2_day,417560,875100,109.6,3,121.4,4.27,EXPLOSIVE_SURGE
CRCG,2026-01-05,13.08,UP,2_day,4347580,9105300,109.4,2,-16.8,1.19,EXPLOSIVE_SURGE
XRPT,2026-01-02,16.63,UP,single_day,1287960,2678400,108.0,2,-4.7,-0.53,EXPLOSIVE_SURGE
BAIG,2026-01-05,17.47,UP,2_day,318020,658400,107.0,4,57.4,0.82,EXPLOSIVE_SURGE
NBIG,2026-01-12,19.21,UP,single_day,658020,1353000,105.6,2,-14.2,2.82,EXPLOSIVE_SURGE
CRWG,2026-01-02,22.14,UP,single_day,13639420,27961800,105.0,2,9.9,-4.92,EXPLOSIVE_SURGE
AGQ,2025-12-29,-16.68,DOWN,single_day,5301680,10844800,104.6,2,112.2,8.11,EXPLOSIVE_SURGE
CIFU,2026-01-06,15.04,UP,2_day,123280,251900,104.3,3,93.6,10.02,EXPLOSIVE_SURGE
AMZU,2026-01-06,12.76,UP,2_day,1930540,3928600,103.5,2,169.6,0.17,EXPLOSIVE_SURGE
LLYX,2026-01-07,12.61,UP,2_day,333900,670200,100.7,2,210.0,-0.61,EXPLOSIVE_SURGE
IONX,2025-12-26,-15.54,DOWN,single_day,2069500,4143800,100.2,1,28.5,3.86,EXPLOSIVE_SURGE
BOIL,2026-01-09,-13.67,DOWN,single_day,11540900,23105300,100.2,2,-16.6,-3.96,EXPLOSIVE_SURGE
OKLL,2026-01-09,15.71,UP,single_day,4163220,8316000,99.7,2,9.1,11.89,STRONG_SURGE
WULX,2026-01-02,21.46,UP,single_day,70840,139000,96.2,3,184.7,-3.33,STRONG_SURGE
NVTX,2026-01-05,15.98,UP,single_day,89300,175100,96.1,3,56.5,6.8,STRONG_SURGE
CRWU,2026-01-05,14.31,UP,2_day,1659980,3237000,95.0,3,62.6,2.25,STRONG_SURGE
CRDU,2026-01-06,-10.58,DOWN,single_day,484600,943300,94.7,2,135.0,-1.51,STRONG_SURGE
NAIL,2026-01-08,12.45,UP,single_day,1197880,2330000,94.5,4,118.5,0.26,STRONG_SURGE
RDTL,2026-01-02,10.06,UP,single_day,135600,263200,94.1,1,57.2,0.84,STRONG_SURGE
NBIG,2025-12-22,39.63,UP,2_day,575360,1116900,94.1,2,68.7,5.47,STRONG_SURGE
ARMG,2026-01-05,12.28,UP,2_day,349280,678100,94.1,4,161.3,2.01,STRONG_SURGE
AMZZ,2026-01-06,12.75,UP,2_day,220280,426900,93.8,3,208.5,0.19,STRONG_SURGE
APPX,2026-01-05,-12.64,DOWN,2_day,363420,701800,93.1,3,68.2,-7.0,STRONG_SURGE
RETL,2026-01-06,10.93,UP,2_day,195940,374800,91.3,2,59.8,0.32,STRONG_SURGE
NAIL,2026-01-09,18.52,UP,single_day,1531740,2926900,91.1,4,116.8,2.45,STRONG_SURGE
QPUX,2026-01-02,12.02,UP,single_day,288100,546400,89.7,2,-31.3,-4.37,STRONG_SURGE
NUGT,2025-12-29,-11.44,DOWN,single_day,608360,1150200,89.1,2,-21.6,2.22,STRONG_SURGE
CRCA,2026-01-05,13.61,UP,2_day,6246520,11753000,88.2,2,-8.5,1.22,STRONG_SURGE
BMNU,2026-01-02,27.82,UP,single_day,26091960,49012400,87.8,1,12.6,-3.82,STRONG_SURGE
RIOX,2026-01-02,23.83,UP,single_day,545860,1022500,87.3,2,385.4,-5.96,STRONG_SURGE
IREX,2026-01-06,13.74,UP,2_day,1261500,2356600,86.8,3,-2.8,10.77,STRONG_SURGE
RGTX,2025-12-22,26.27,UP,single_day,2453320,4557700,85.8,1,-8.3,0.41,STRONG_SURGE
SMCL,2026-01-02,11.28,UP,single_day,3150620,5847900,85.6,3,131.6,-2.29,STRONG_SURGE
INTW,2026-01-02,13.4,UP,single_day,364880,676100,85.3,2,30.9,1.02,STRONG_SURGE
CRDU,2026-01-07,11.68,UP,single_day,611960,1129800,84.6,2,316.9,-4.2,STRONG_SURGE
PXIU,2025-12-23,-15.03,DOWN,single_day,159480,291000,82.5,3,32.7,-1.14,STRONG_SURGE
BMNG,2025-12-22,18.49,UP,2_day,5781380,10519400,82.0,2,25.6,1.23,STRONG_SURGE
RKLX,2026-01-02,17.87,UP,single_day,1897240,3419500,80.2,2,15.2,-4.85,STRONG_SURGE
KORU,2025-12-29,13.24,UP,2_day,70300,126100,79.4,3,37.8,3.63,STRONG_SURGE
DFEN,2026-01-06,11.58,UP,2_day,201620,361200,79.1,2,107.3,3.24,STRONG_SURGE
QPUX,2025-12-22,28.93,UP,single_day,222880,396800,78.0,1,-30.5,2.38,STRONG_SURGE
BOIL,2026-01-05,-11.06,DOWN,single_day,9297820,16460000,77.0,3,23.7,-3.61,STRONG_SURGE
CLSX,2026-01-02,28.07,UP,single_day,341080,601500,76.4,2,-25.9,-6.05,STRONG_SURGE
SOLT,2026-01-02,11.44,UP,single_day,6785440,11945600,76.0,2,0.4,0.8,STRONG_SURGE
CRWG,2026-01-05,14.02,UP,2_day,17375880,30346100,74.6,2,20.7,2.24,STRONG_SURGE
SMUP,2026-01-09,11.34,UP,2_day,3331500,5783000,73.6,2,-5.0,9.65,STRONG_SURGE
MSTU,2026-01-09,-11.31,DOWN,single_day,16845760,29162100,73.1,3,62.8,3.0,STRONG_SURGE
QPUX,2025-12-26,-15.45,DOWN,single_day,257880,445000,72.6,1,91.5,4.93,STRONG_SURGE
ROBN,2026-01-05,14.18,UP,single_day,474040,817800,72.5,3,37.9,-1.32,STRONG_SURGE
WULX,2026-01-05,13.12,UP,single_day,94240,162600,72.5,3,56.8,4.41,STRONG_SURGE
CRWU,2026-01-12,24.48,UP,single_day,2374120,4073200,71.6,3,-46.5,2.01,STRONG_SURGE
CIFU,2026-01-05,24.2,UP,single_day,107120,183700,71.5,2,42.8,3.3,STRONG_SURGE
CLSX,2026-01-05,12.91,UP,single_day,390220,663600,70.1,2,3.7,3.31,STRONG_SURGE
BAIG,2026-01-02,15.52,UP,single_day,254820,432500,69.7,4,76.9,-5.6,STRONG_SURGE
SOFX,2026-01-05,13.15,UP,single_day,374820,635900,69.7,2,197.7,0.71,STRONG_SURGE
XXRP,2026-01-06,27.58,UP,2_day,1775740,2991500,68.5,3,87.5,12.13,STRONG_SURGE
SMCL,2025-12-22,11.02,UP,2_day,1702660,2867400,68.4,2,40.2,-0.33,STRONG_SURGE
LCDL,2026-01-07,-10.2,DOWN,single_day,209600,352300,68.1,2,-30.2,3.08,STRONG_SURGE
SMU,2026-01-02,29.91,UP,single_day,1337960,2246900,67.9,2,6.0,-6.18,STRONG_SURGE
OPEX,2026-01-08,-16.39,DOWN,2_day,369120,619200,67.8,4,244.6,2.79,STRONG_SURGE
MULL,2026-01-02,20.79,UP,single_day,224160,375500,67.5,3,51.8,-0.26,STRONG_SURGE
OKLL,2026-01-02,16.4,UP,single_day,1796220,3007400,67.4,2,1.6,-6.15,STRONG_SURGE
KORU,2026-01-02,14.84,UP,single_day,105580,176300,67.0,3,29.6,2.09,STRONG_SURGE
OPEX,2026-01-05,16.45,UP,2_day,180920,301900,66.9,2,-13.7,0.21,STRONG_SURGE
PXIU,2026-01-06,37.43,UP,2_day,315480,522000,65.5,3,120.3,13.04,STRONG_SURGE
PXIU,2026-01-02,27.61,UP,single_day,181980,298300,63.9,2,18.0,-6.03,STRONG_SURGE
CWVX,2026-01-05,14.04,UP,2_day,1168620,1914000,63.8,2,27.3,2.18,STRONG_SURGE
LCDL,2025-12-29,-11.48,DOWN,2_day,154600,251100,62.4,2,-17.4,-1.72,STRONG_SURGE
ASTX,2026-01-05,17.41,UP,single_day,2080380,3377900,62.4,2,28.0,7.85,STRONG_SURGE
INTW,2026-01-09,21.28,UP,single_day,989940,1603900,62.0,2,46.1,2.3,STRONG_SURGE
IREX,2026-01-05,25.67,UP,single_day,1102360,1780500,61.5,3,-26.2,3.18,STRONG_SURGE
IREX,2026-01-12,18.31,UP,single_day,1848860,2972100,60.8,3,-17.7,-2.17,STRONG_SURGE
SMU,2025-12-29,-19.08,DOWN,2_day,1327400,2133200,60.7,2,-16.3,-3.87,STRONG_SURGE
ASMG,2026-01-06,13.5,UP,2_day,125400,201000,60.3,3,256.4,7.3,STRONG_SURGE
NEBX,2026-01-02,15.28,UP,single_day,463260,742200,60.2,3,24.3,-4.41,STRONG_SURGE
MST,2026-01-05,15.38,UP,2_day,266480,424100,59.1,2,32.8,-0.21,STRONG_SURGE
SMU,2025-12-26,-15.05,DOWN,single_day,1190060,1890700,58.9,2,-14.1,0.88,STRONG_SURGE
SOLT,2026-01-06,11.67,UP,2_day,8883660,14060300,58.3,3,77.8,5.75,STRONG_SURGE
QBTX,2026-01-02,15.57,UP,single_day,1616920,2558700,58.2,1,-6.8,-2.42,STRONG_SURGE
ORCX,2026-01-12,16.41,UP,2_day,3542320,5540700,56.4,2,-21.8,1.64,STRONG_SURGE
BMNG,2026-01-07,-12.53,DOWN,single_day,7789420,12057300,54.8,4,230.5,8.24,STRONG_SURGE
QBTX,2025-12-22,39.25,UP,single_day,1303620,2012800,54.4,1,49.7,6.82,STRONG_SURGE
QUBX,2026-01-06,19.8,UP,2_day,228660,350300,53.2,3,90.7,6.38,STRONG_SURGE
SOXL,2026-01-05,17.11,UP,2_day,62158080,94987500,52.8,3,57.0,1.85,STRONG_SURGE
APLX,2026-01-05,14.64,UP,single_day,374400,568800,51.9,2,84.2,8.39,STRONG_SURGE
SLON,2026-01-02,11.23,UP,single_day,131080,198800,51.7,2,24.1,0.93,STRONG_SURGE
IRE,2026-01-12,18.54,UP,single_day,16303060,24635900,51.1,2,-17.6,-2.2,STRONG_SURGE
IRE,2026-01-05,25.74,UP,single_day,12092700,18234800,50.8,3,3.2,3.1,STRONG_SURGE
PXIU,2025-12-22,12.21,UP,2_day,147420,222000,50.6,2,22.6,1.09,STRONG_SURGE
BABX,2026-01-08,10.42,UP,single_day,806660,1213700,50.5,2,1.7,0.18,STRONG_SURGE
RKLX,2026-01-06,19.91,UP,single_day,2445780,3680000,50.5,2,5.2,5.57,STRONG_SURGE
ETU,2026-01-05,19.47,UP,2_day,114840,172600,50.3,2,-55.4,3.03,STRONG_SURGE
HIMZ,2026-01-05,14.16,UP,2_day,2833280,4234000,49.4,2,23.8,-1.42,NORMAL
EDC,2026-01-05,11.6,UP,2_day,87060,130000,49.3,2,-17.8,1.9,NORMAL
IREX,2026-01-09,11.05,UP,2_day,1578240,2352800,49.1,3,22.6,3.79,BUILDING_MOMENTUM
RKLX,2025-12-22,19.92,UP,single_day,2745060,4084500,48.8,2,11.2,13.02,NORMAL
CCUP,2026-01-02,10.6,UP,single_day,556640,827000,48.6,2,9.9,-2.02,NORMAL
MSTU,2026-01-05,16.97,UP,2_day,9105180,13510200,48.4,2,-1.4,-0.64,NORMAL
AGQ,2025-12-23,12.66,UP,2_day,3776300,5596200,48.2,2,12.5,3.92,NORMAL
NVTX,2026-01-07,29.39,UP,2_day,164840,243300,47.6,3,263.3,18.24,BUILDING_MOMENTUM
JOBX,2026-01-06,27.52,UP,2_day,180360,266000,47.5,2,34.1,8.73,STEADY_INCREASE
LCDL,2025-12-22,14.89,UP,2_day,159720,235500,47.4,2,-31.5,-0.01,NORMAL
SLON,2026-01-05,10.22,UP,single_day,158080,232600,47.1,2,15.7,3.66,NORMAL
IONL,2025-12-26,-15.9,DOWN,single_day,264100,388400,47.1,1,12.3,3.87,NORMAL
SLON,2026-01-06,11.57,UP,2_day,171540,252000,46.9,3,25.8,5.87,BUILDING_MOMENTUM
MULL,2026-01-06,20.03,UP,single_day,295060,433300,46.9,2,22.8,3.15,NORMAL
JOBX,2025-12-22,13.73,UP,2_day,118420,173100,46.2,2,30.4,0.26,STEADY_INCREASE
IONX,2025-12-22,21.97,UP,single_day,2100980,3049400,45.1,1,-9.4,2.72,NORMAL
CONL,2026-01-06,11.51,UP,2_day,5012160,7256300,44.8,2,51.9,4.45,STEADY_INCREASE
SMUP,2026-01-02,29.15,UP,single_day,1625120,2349200,44.6,1,-44.4,-5.85,NORMAL
SMUP,2025-12-26,-14.64,DOWN,single_day,1472440,2127000,44.5,3,57.9,0.64,BUILDING_MOMENTUM
SOLT,2026-01-05,10.13,UP,single_day,8371760,12085600,44.4,2,10.1,3.62,NORMAL
MSTX,2026-01-05,16.36,UP,2_day,35494280,51269900,44.4,3,28.8,-0.62,BUILDING_MOMENTUM
JNUG,2025-12-29,-12.59,DOWN,single_day,293280,422200,44.0,3,-4.1,2.71,NORMAL
QUBX,2026-01-02,14.31,UP,single_day,153580,220700,43.7,2,-18.8,-5.36,NORMAL
MSOX,2026-01-12,12.19,UP,single_day,1351660,1941400,43.6,1,-34.2,1.18,NORMAL
ETHU,2026-01-05,18.98,UP,2_day,5206280,7476200,43.6,2,6.0,3.2,NORMAL
SMCX,2026-01-02,11.32,UP,single_day,1950500,2790800,43.1,2,84.3,-2.31,STEADY_INCREASE
DFEN,2025-12-22,16.13,UP,2_day,191500,273300,42.7,3,21.9,1.53,BUILDING_MOMENTUM
QBTX,2025-12-23,-18.95,DOWN,single_day,1502940,2121400,41.2,2,3.7,12.83,NORMAL
ASTX,2026-01-07,-24.24,DOWN,single_day,2646240,3720000,40.6,2,53.9,13.97,STEADY_INCREASE
QUBX,2025-12-22,24.66,UP,single_day,272920,383000,40.3,1,57.8,0.38,STEADY_INCREASE
BABX,2026-01-05,13.18,UP,2_day,600980,827500,37.7,2,12.9,1.19,NORMAL
CWVX,2026-01-12,24.33,UP,single_day,2043660,2774000,35.7,2,-13.2,2.05,NORMAL
NEBX,2026-01-12,19.02,UP,single_day,924220,1251000,35.4,3,-15.6,2.79,NORMAL
IRE,2026-01-06,13.94,UP,2_day,13510600,18218100,34.8,2,57.4,10.86,STEADY_INCREASE
ASTX,2025-12-22,28.15,UP,single_day,1686400,2272700,34.8,1,-21.9,6.39,NORMAL
OKLL,2025-12-22,14.28,UP,2_day,2698040,3622000,34.2,2,3.7,0.87,NORMAL
RGTU,2025-12-23,-13.46,DOWN,single_day,404120,540400,33.7,3,49.3,6.34,BUILDING_MOMENTUM
BTCL,2026-01-05,10.24,UP,single_day,121120,161500,33.3,4,43.4,1.17,BUILDING_MOMENTUM
RGTX,2026-01-05,11.39,UP,single_day,2845580,3779100,32.8,2,-37.2,2.56,NORMAL
IONX,2025-12-29,-18.42,DOWN,2_day,2505440,3323200,32.6,2,14.1,-2.16,NORMAL
BITX,2026-01-05,15.54,UP,2_day,8427960,11127300,32.0,2,31.8,1.23,STEADY_INCREASE
MSTU,2026-01-08,10.61,UP,2_day,14564360,19033800,30.7,4,94.5,3.25,BUILDING_MOMENTUM
HOOX,2026-01-05,14.23,UP,single_day,192060,250400,30.4,1,159.1,-1.57,STEADY_INCREASE
BITU,2026-01-05,15.57,UP,2_day,4749220,6188600,30.3,2,24.1,1.25,NORMAL
JNUG,2025-12-22,14.91,UP,2_day,247080,322000,30.3,3,13.9,2.19,NORMAL
ROBN,2026-01-06,11.28,UP,2_day,556360,724200,30.2,4,85.5,2.55,BUILDING_MOMENTUM
NVOX,2025-12-24,18.3,UP,2_day,1104920,1437300,30.1,3,193.5,3.94,BUILDING_MOMENTUM
MSTX,2026-01-08,10.65,UP,2_day,51466660,66977800,30.1,4,39.9,3.08,BUILDING_MOMENTUM
QPUX,2025-12-23,-12.31,DOWN,single_day,227340,295000,29.8,2,19.6,7.34,NORMAL
CRDU,2026-01-09,12.66,UP,single_day,894620,1159300,29.6,2,9.3,-0.51,NORMAL
KORU,2026-01-05,23.84,UP,2_day,124740,160700,28.8,3,18.2,4.83,NORMAL
LABU,2025-12-22,15.98,UP,2_day,529800,681700,28.7,2,4.1,0.4,NORMAL
KORU,2026-01-06,16.66,UP,2_day,137120,174800,27.5,2,66.2,4.54,STEADY_INCREASE
SMCX,2025-12-22,11.28,UP,2_day,2159960,2746000,27.1,2,57.2,-0.33,STEADY_INCREASE
CCUP,2025-12-22,14.38,UP,2_day,1253120,1590500,26.9,0,-16.3,6.82,NORMAL
XRPT,2026-01-08,-11.84,DOWN,2_day,3652980,4631100,26.8,3,116.4,9.61,BUILDING_MOMENTUM
BMNU,2026-01-05,14.08,UP,single_day,32562600,41302500,26.8,1,9.5,5.06,NORMAL
ASTX,2026-01-02,29.55,UP,single_day,2241420,2838900,26.7,1,-29.3,-3.56,NORMAL
RDTL,2026-01-05,12.49,UP,2_day,167580,212400,26.7,2,-1.7,3.38,NORMAL
SOXL,2026-01-06,14.33,UP,2_day,73554300,92678600,26.0,2,90.6,3.12,STEADY_INCREASE
ASTX,2026-01-06,14.49,UP,single_day,2396580,3014500,25.8,3,10.9,12.59,NORMAL
IREX,2025-12-29,-12.45,DOWN,2_day,1301460,1632000,25.4,2,-33.2,0.45,NORMAL
HOOG,2026-01-05,13.82,UP,single_day,243400,305200,25.4,2,2.8,-1.41,NORMAL
BOIL,2025-12-31,-11.69,DOWN,single_day,8648300,10826900,25.2,3,5.3,0.88,NORMAL
CRWG,2026-01-12,24.11,UP,single_day,24107760,30129200,25.0,2,-28.3,2.18,NORMAL
IONL,2025-12-22,22.16,UP,single_day,293720,366500,24.8,1,-3.7,2.88,NORMAL
CWEB,2026-01-05,14.06,UP,2_day,314680,392100,24.6,4,157.7,1.2,BUILDING_MOMENTUM
WULX,2026-01-07,-16.56,DOWN,2_day,141040,174500,23.7,4,78.7,7.73,BUILDING_MOMENTUM
RGTX,2025-12-29,-18.5,DOWN,2_day,3146080,3879400,23.3,2,-5.9,-2.4,NORMAL
IONX,2026-01-05,16.5,UP,2_day,2518920,3092100,22.8,1,-54.2,0.65,NORMAL
APLX,2026-01-06,14.99,UP,2_day,431840,528800,22.5,2,82.2,10.49,STEADY_INCREASE
RKLX,2026-01-05,24.48,UP,2_day,2303660,2801300,21.6,2,28.9,3.8,NORMAL
AGQ,2025-12-31,-14.84,DOWN,single_day,8014340,9748000,21.6,2,114.9,3.23,STEADY_INCREASE
LABX,2025-12-22,34.81,UP,2_day,785700,954600,21.5,2,17.2,7.15,NORMAL
SMU,2026-01-09,10.11,UP,2_day,3336520,4054500,21.5,2,-6.6,9.74,NORMAL
MULL,2026-01-05,18.56,UP,2_day,265240,321000,21.0,3,31.5,5.25,BUILDING_MOMENTUM
OKLL,2026-01-07,18.48,UP,2_day,3324700,3990500,20.0,3,219.3,15.02,BUILDING_MOMENTUM
APLX,2026-01-09,35.44,UP,single_day,768160,921100,19.9,2,40.0,6.52,STEADY_INCREASE
HOOW,2026-01-05,10.78,UP,2_day,341740,408900,19.7,2,27.9,-0.85,NORMAL
ETU,2026-01-02,10.12,UP,single_day,96640,115700,19.7,2,93.3,0.46,STEADY_INCREASE
QBTX,2025-12-26,-15.93,DOWN,single_day,1626380,1933800,18.9,2,45.0,6.18,STEADY_INCREASE
CRWG,2025-12-22,51.1,UP,2_day,22154700,26317100,18.8,3,43.3,8.21,BUILDING_MOMENTUM
RGTU,2025-12-29,-18.08,DOWN,2_day,430200,509300,18.4,2,-28.5,-2.26,NORMAL
ETHT,2026-01-05,18.44,UP,2_day,1249880,1458700,16.7,2,20.3,3.15,NORMAL
RGTX,2026-01-02,12.76,UP,single_day,2740680,3158400,15.2,2,-16.4,-5.07,NORMAL
XXRP,2026-01-02,16.67,UP,single_day,1379760,1586500,15.0,3,-3.4,-0.63,NORMAL
IONL,2026-01-05,16.87,UP,2_day,289780,333100,14.9,1,-32.5,0.9,NORMAL
QPUX,2026-01-05,13.62,UP,single_day,344460,394700,14.6,2,-16.6,2.49,NORMAL
IONL,2025-12-29,-18.39,DOWN,2_day,289440,331300,14.5,2,-5.0,-2.21,NORMAL
RGTX,2025-12-26,-17.78,DOWN,single_day,3008480,3445500,14.5,1,45.7,3.98,STEADY_INCREASE
JOBX,2025-12-29,-10.38,DOWN,2_day,157200,179900,14.4,3,10.1,-1.09,NORMAL
CRDU,2025-12-22,17.99,UP,2_day,427080,486200,13.8,3,63.0,3.05,BUILDING_MOMENTUM
HIMZ,2026-01-06,12.09,UP,2_day,3160120,3588400,13.6,3,27.6,0.95,BUILDING_MOMENTUM
TSLR,2025-12-29,-10.51,DOWN,2_day,1216420,1381000,13.5,1,-35.4,-0.63,NORMAL
NEBX,2026-01-05,22.87,UP,2_day,542760,614200,13.2,3,14.9,1.4,NORMAL
TEMT,2025-12-22,12.28,UP,2_day,363640,411500,13.2,2,52.2,-3.09,STEADY_INCREASE
NBIG,2026-01-02,14.66,UP,single_day,323920,364900,12.7,2,68.6,-4.24,STEADY_INCREASE
DFEN,2026-01-12,12.3,UP,2_day,510860,575700,12.7,2,46.1,2.12,STEADY_INCREASE
PLTG,2026-01-06,14.26,UP,2_day,264600,297700,12.5,2,336.5,-2.84,STEADY_INCREASE
YINN,2026-01-05,12.7,UP,2_day,2068700,2325300,12.4,3,75.4,1.71,BUILDING_MOMENTUM
TEMT,2026-01-05,18.95,UP,2_day,505560,567400,12.2,1,-49.8,-0.26,NORMAL
PLTU,2026-01-06,14.03,UP,2_day,1238240,1378900,11.4,1,83.7,-2.76,STEADY_INCREASE
NUGT,2025-12-22,12.44,UP,2_day,653080,726800,11.3,2,-14.1,1.69,NORMAL
RGTX,2025-12-23,-13.22,DOWN,single_day,2814380,3129600,11.2,2,29.1,6.15,NORMAL
WULX,2026-01-12,10.75,UP,single_day,176200,195300,10.8,2,-9.9,-1.78,NORMAL
CCUP,2026-01-07,-10.26,DOWN,2_day,571240,632000,10.6,2,153.5,2.99,STEADY_INCREASE
BULG,2026-01-05,20.37,UP,2_day,337620,372700,10.4,2,11.5,-0.05,NORMAL
QBTX,2026-01-09,-13.0,DOWN,2_day,1874880,2069900,10.4,1,-21.6,2.11,NORMAL
BAIG,2026-01-07,-13.0,DOWN,single_day,531780,586600,10.3,4,92.3,7.85,BUILDING_MOMENTUM
TSLL,2025-12-29,-10.56,DOWN,2_day,69042480,76073600,10.2,2,-27.2,-0.67,NORMAL
RIOX,2026-01-05,34.33,UP,2_day,712440,783000,9.9,3,534.5,1.82,BUILDING_MOMENTUM
MSTX,2026-01-09,-11.38,DOWN,single_day,57864640,63403700,9.6,4,27.5,3.03,BUILDING_MOMENTUM
BOIL,2026-01-12,14.43,UP,single_day,14325560,15642700,9.2,2,13.0,-4.61,NORMAL
PXIU,2025-12-31,-15.19,DOWN,2_day,197200,214900,9.0,1,-30.1,-2.6,NORMAL
AMDG,2026-01-07,-10.09,DOWN,2_day,162700,176400,8.4,2,185.5,-0.35,STEADY_INCREASE
MULL,2026-01-07,16.68,UP,2_day,326880,354300,8.4,3,49.3,8.48,BUILDING_MOMENTUM
CIFU,2026-01-08,-12.24,DOWN,2_day,169000,183100,8.3,2,38.3,5.09,STEADY_INCREASE
IRE,2026-01-09,10.72,UP,2_day,16821320,18161000,8.0,1,-22.8,3.81,NORMAL
NVDX,2025-12-22,11.07,UP,2_day,10308160,11102000,7.7,4,55.3,1.32,BUILDING_MOMENTUM
CIFU,2026-01-02,19.22,UP,single_day,105520,113000,7.1,2,2.5,-4.63,NORMAL
BOIL,2026-01-02,-16.7,DOWN,2_day,8572280,9182000,7.1,4,42.5,-0.81,BUILDING_MOMENTUM
RKLX,2026-01-07,14.38,UP,2_day,2814460,3006100,6.8,2,58.2,10.29,STEADY_INCREASE
AMDL,2026-01-07,-10.04,DOWN,2_day,8247660,8785900,6.5,3,180.7,-0.18,BUILDING_MOMENTUM
BOIL,2025-12-23,14.76,UP,single_day,10565900,11207000,6.1,2,36.9,-3.14,STEADY_INCREASE
BMNG,2025-12-23,-11.03,DOWN,2_day,6729560,7123600,5.9,3,52.6,-0.1,BUILDING_MOMENTUM
AGQ,2026-01-06,13.49,UP,single_day,9098520,9624600,5.8,2,-14.3,2.56,NORMAL
QPUX,2025-12-24,-18.84,DOWN,2_day,252080,264600,5.0,1,36.9,7.76,STEADY_INCREASE
UBRL,2026-01-07,13.69,UP,2_day,144880,151400,4.5,2,157.9,2.1,STEADY_INCREASE
QPUX,2025-12-29,-15.52,DOWN,2_day,311460,320200,2.8,2,21.2,-1.57,NORMAL
TSLT,2025-12-29,-10.57,DOWN,2_day,2646340,2691600,1.7,1,-45.7,-0.65,NORMAL
OKLL,2025-12-29,-17.45,DOWN,2_day,2510140,2551000,1.6,2,-40.4,-4.08,NORMAL
NAIL,2026-01-12,21.67,UP,2_day,1969180,1999000,1.5,4,119.7,6.49,BUILDING_MOMENTUM
IRE,2025-12-29,-13.09,DOWN,2_day,12446040,12585500,1.1,2,-34.7,0.4,NORMAL
TEMT,2026-01-07,15.49,UP,2_day,548400,554200,1.1,3,107.1,7.22,BUILDING_MOMENTUM
RGTU,2026-01-02,12.5,UP,single_day,305520,307300,0.6,2,11.1,-4.92,NORMAL
PLTU,2025-12-29,-10.3,DOWN,2_day,839900,842700,0.3,1,-47.0,-1.25,NORMAL
JOBX,2026-01-02,16.99,UP,single_day,134820,135200,0.3,2,1.5,-3.97,NORMAL
DJTU,2025-12-22,-20.7,DOWN,single_day,4256360,4254300,-0.0,1,1641.4,24.88,STEADY_INCREASE
NVTX,2025-12-22,15.29,UP,2_day,104500,104400,-0.1,2,32.8,-0.86,STEADY_INCREASE
QBTX,2025-12-29,-10.29,DOWN,2_day,1732300,1728000,-0.2,3,15.5,-1.83,NORMAL
ASTX,2025-12-23,25.3,UP,2_day,1691160,1683800,-0.4,2,9.1,13.01,NORMAL
QUBX,2025-12-26,-13.39,DOWN,single_day,244600,243200,-0.6,1,-9.7,5.54,NORMAL
BULG,2025-12-22,10.48,UP,2_day,324420,321300,-1.0,2,-22.2,-0.36,NORMAL
QPUX,2026-01-06,18.29,UP,2_day,334400,330800,-1.1,2,50.2,5.92,STEADY_INCREASE
NBIG,2026-01-05,21.74,UP,2_day,378740,373700,-1.3,1,32.8,1.48,STEADY_INCREASE
XXRP,2026-01-08,-12.18,DOWN,2_day,2245360,2214900,-1.4,1,57.4,9.48,STEADY_INCREASE
LCDL,2025-12-23,-10.24,DOWN,single_day,174960,171900,-1.7,2,-4.3,3.3,NORMAL
BABX,2026-01-07,-12.01,DOWN,2_day,723360,709200,-2.0,3,218.1,1.23,BUILDING_MOMENTUM
SLON,2025-12-22,10.89,UP,2_day,252800,246900,-2.3,2,91.6,0.86,STEADY_INCREASE
IREX,2026-01-02,25.89,UP,single_day,1025520,999700,-2.5,3,46.9,-5.33,BUILDING_MOMENTUM
RKLX,2025-12-23,18.73,UP,2_day,3029220,2949900,-2.6,3,74.6,17.87,BUILDING_MOMENTUM
QBTX,2026-01-08,-12.61,DOWN,2_day,1796380,1746900,-2.8,1,-13.6,7.56,NORMAL
DJTU,2026-01-02,17.17,UP,2_day,2115280,2056300,-2.8,2,69.5,-3.95,STEADY_INCREASE
IREX,2025-12-22,10.2,UP,single_day,1778660,1728500,-2.8,1,-13.0,6.45,NORMAL
BMNU,2026-01-07,-12.46,DOWN,single_day,37000440,35960200,-2.8,2,69.7,8.22,STEADY_INCREASE
HOOX,2026-01-06,11.51,UP,2_day,220220,213300,-3.1,2,-24.2,2.34,NORMAL
NVTX,2025-12-29,-10.61,DOWN,2_day,73120,70800,-3.2,2,-35.9,-2.9,NORMAL
LCDL,2026-01-02,10.12,UP,single_day,203740,196000,-3.8,3,98.8,-5.43,BUILDING_MOMENTUM
PXIU,2025-12-24,-10.88,DOWN,2_day,198100,190400,-3.9,3,79.1,-0.96,BUILDING_MOMENTUM
MSOX,2026-01-08,12.9,UP,2_day,1381940,1322500,-4.3,1,8.6,-1.48,NORMAL
APPX,2026-01-12,13.42,UP,2_day,652320,622400,-4.6,2,-33.3,1.13,NORMAL
IONL,2026-01-06,16.61,UP,2_day,278720,265300,-4.8,2,-14.4,3.6,NORMAL
PTIR,2025-12-29,-10.23,DOWN,2_day,1958460,1864400,-4.8,1,-58.5,-1.25,NORMAL
QBTX,2026-01-05,17.47,UP,single_day,1841340,1750300,-4.9,1,1.0,5.46,NORMAL
IREX,2025-12-23,10.29,UP,2_day,1747320,1657300,-5.2,1,-16.9,7.57,NORMAL
DJTU,2026-01-09,11.65,UP,2_day,1110520,1050600,-5.4,1,-55.6,0.85,NORMAL
BEX,2026-01-09,19.83,UP,single_day,846720,797900,-5.8,3,41.0,11.35,BUILDING_MOMENTUM
OPEX,2025-12-29,-14.8,DOWN,2_day,191960,180500,-6.0,2,-41.4,-2.72,NORMAL
PTIR,2026-01-06,14.15,UP,2_day,3347160,3143400,-6.1,2,179.0,-2.72,STEADY_INCREASE
AMDL,2025-12-22,13.85,UP,2_day,7074760,6585800,-6.9,3,36.0,1.58,BUILDING_MOMENTUM
AGQ,2026-01-05,10.8,UP,single_day,9472960,8810800,-7.0,2,-20.0,-4.31,NORMAL
CRCG,2025-12-22,14.18,UP,2_day,8463380,7863300,-7.1,1,-27.6,6.85,NORMAL
RIOX,2025-12-23,-10.53,DOWN,single_day,302860,281500,-7.1,2,-15.8,3.59,NORMAL
QBTX,2026-01-06,22.16,UP,2_day,1804640,1676500,-7.1,1,12.4,8.15,NORMAL
BOIL,2026-01-06,-13.47,DOWN,2_day,10968000,10112700,-7.8,3,32.3,-6.99,BUILDING_MOMENTUM
HOOG,2026-01-06,10.87,UP,2_day,253780,233700,-7.9,2,20.7,2.37,NORMAL
RGTU,2025-12-26,-17.49,DOWN,single_day,424260,388900,-8.3,1,53.3,4.19,STEADY_INCREASE
IONX,2025-12-23,10.84,UP,2_day,2199900,2010500,-8.6,2,-0.6,4.44,NORMAL
WULX,2025-12-29,-14.19,DOWN,2_day,104480,95400,-8.7,1,-58.6,-3.26,NORMAL
CIFU,2026-01-12,12.53,UP,single_day,178340,162200,-9.1,2,-30.2,-4.44,NORMAL
OKLL,2025-12-26,-10.76,DOWN,single_day,2545560,2293900,-9.9,2,-11.8,2.16,NORMAL
LABX,2026-01-08,-10.83,DOWN,single_day,1275360,1149000,-9.9,3,143.4,0.04,BUILDING_MOMENTUM
MSOX,2025-12-30,10.62,UP,single_day,2447460,2202900,-10.0,2,-66.6,0.02,NORMAL
ASTX,2026-01-09,15.6,UP,single_day,3073800,2757200,-10.3,2,-1.9,4.73,NORMAL
WULX,2026-01-09,10.43,UP,2_day,173000,155000,-10.4,3,24.5,0.51,BUILDING_MOMENTUM
IREX,2026-01-07,-10.08,DOWN,single_day,1406420,1253600,-10.9,4,80.7,9.8,BUILDING_MOMENTUM
BAIG,2025-12-22,28.73,UP,2_day,428660,381700,-11.0,2,9.2,2.56,NORMAL
RGTX,2025-12-24,-17.44,DOWN,2_day,2958140,2633900,-11.0,2,25.2,5.84,NORMAL
CRDU,2026-01-08,12.7,UP,2_day,792120,705300,-11.0,3,198.5,-1.03,BUILDING_MOMENTUM
IRE,2025-12-22,10.22,UP,single_day,19209180,17057400,-11.2,1,-45.6,6.44,NORMAL
CRCA,2025-12-22,14.69,UP,2_day,12585340,11177600,-11.2,2,-18.0,6.83,NORMAL
CLSX,2025-12-22,16.56,UP,2_day,1095160,972400,-11.2,2,5.4,0.67,NORMAL
PLTG,2025-12-29,-10.23,DOWN,2_day,84480,74900,-11.3,1,-70.5,-1.26,NORMAL
TEMT,2026-01-02,11.18,UP,single_day,471820,418500,-11.3,1,-12.7,-4.35,NORMAL
RIOX,2025-12-22,15.14,UP,2_day,329880,292100,-11.5,1,-10.1,3.1,NORMAL
JNUG,2025-12-30,-10.61,DOWN,2_day,321820,283700,-11.8,3,-21.6,-2.45,NORMAL
PXIU,2026-01-07,-10.83,DOWN,2_day,382560,334600,-12.5,3,156.3,14.26,BUILDING_MOMENTUM
PXIU,2025-12-30,-11.98,DOWN,2_day,205620,179900,-12.5,2,-33.1,-4.61,NORMAL
APPX,2025-12-22,11.18,UP,2_day,327220,286300,-12.5,1,22.3,3.49,NORMAL
RGTU,2026-01-06,15.13,UP,2_day,392420,342500,-12.7,2,8.1,5.56,NORMAL
XRPT,2026-01-07,-12.4,DOWN,2_day,3254360,2834600,-12.9,4,273.6,10.58,BUILDING_MOMENTUM
SMUP,2025-12-29,-19.0,DOWN,2_day,1721600,1496900,-13.1,2,23.4,-3.93,NORMAL
CWVX,2025-12-23,-10.58,DOWN,single_day,2384820,2065000,-13.4,2,10.9,11.15,NORMAL
LCDL,2026-01-05,20.77,UP,2_day,235020,202600,-13.8,2,1.0,-1.16,NORMAL
RIOX,2025-12-29,-10.69,DOWN,2_day,230800,198700,-13.9,1,-25.0,-3.92,NORMAL
ASTX,2026-01-08,11.26,UP,single_day,2843660,2417700,-15.0,3,64.2,9.3,BUILDING_MOMENTUM
ASTX,2025-12-26,-16.12,DOWN,single_day,2115200,1796900,-15.0,3,70.3,9.65,BUILDING_MOMENTUM
BMNU,2025-12-26,-11.02,DOWN,2_day,37864980,31861500,-15.9,0,-36.6,1.66,NORMAL
CIFU,2026-01-07,-15.69,DOWN,single_day,160140,134600,-15.9,3,45.1,9.52,BUILDING_MOMENTUM
NVDU,2025-12-22,11.09,UP,2_day,486520,407800,-16.2,2,75.5,1.33,STEADY_INCREASE
AGQ,2026-01-12,13.58,UP,single_day,7662440,6399600,-16.5,1,-28.1,2.46,NORMAL
AVGX,2026-01-12,11.84,UP,2_day,859200,716300,-16.6,1,-27.1,0.19,NORMAL
QBTX,2025-12-24,-11.7,DOWN,single_day,1728700,1436600,-16.9,2,5.2,11.33,NORMAL
CWVX,2025-12-22,51.23,UP,2_day,2416460,1992200,-17.6,2,29.6,8.12,NORMAL
NEBX,2025-12-22,42.37,UP,2_day,1185540,975500,-17.7,2,-1.7,5.65,NORMAL
IONL,2025-12-23,11.0,UP,2_day,305140,251200,-17.7,2,-14.3,4.55,NORMAL
ROBN,2026-01-07,-10.13,DOWN,2_day,627920,516500,-17.7,3,72.9,2.74,BUILDING_MOMENTUM
LABX,2026-01-12,12.24,UP,single_day,1409520,1151800,-18.3,1,-44.2,-1.31,NORMAL
ORCX,2025-12-22,20.85,UP,2_day,6713920,5478200,-18.4,2,50.2,2.13,STEADY_INCREASE
PXIU,2026-01-09,-10.09,DOWN,single_day,457160,372500,-18.5,2,-13.7,8.97,NORMAL
BMNU,2025-12-23,-10.75,DOWN,2_day,45240760,36777400,-18.7,2,0.3,-0.22,NORMAL
PILL,2025-12-22,10.44,UP,2_day,90840,73800,-18.8,3,11.6,0.07,NORMAL
MULL,2026-01-12,11.14,UP,2_day,368800,297400,-19.4,2,-3.7,5.25,NORMAL
CLSX,2025-12-31,-11.18,DOWN,2_day,408980,329300,-19.5,1,-33.6,-5.12,NORMAL
MULL,2025-12-22,22.61,UP,2_day,451600,362900,-19.6,2,170.0,5.96,STEADY_INCREASE
CRWG,2025-12-26,-10.05,DOWN,2_day,20538860,16474400,-19.8,1,-24.9,8.75,NORMAL
AVL,2026-01-12,11.89,UP,2_day,627120,502200,-19.9,1,-31.1,0.2,NORMAL
BMNU,2025-12-22,17.88,UP,2_day,48642360,38856700,-20.1,2,7.0,1.06,DRY_UP
AGQ,2026-01-02,-10.72,DOWN,2_day,8844700,7033200,-20.5,3,35.6,-0.74,BUILDING_MOMENTUM
AGQ,2026-01-08,-11.04,DOWN,2_day,8501880,6737200,-20.8,2,2.2,5.37,DRY_UP
ASTX,2025-12-29,-17.42,DOWN,2_day,2231940,1766200,-20.9,2,17.7,-1.81,DRY_UP
IONX,2025-12-24,-14.54,DOWN,2_day,2222280,1753000,-21.1,1,-1.4,5.93,DRY_UP
ROBN,2026-01-08,-10.44,DOWN,2_day,657400,517500,-21.3,2,11.7,1.95,DRY_UP
BAIG,2025-12-29,-13.02,DOWN,2_day,306540,240700,-21.5,1,-57.6,-4.09,DRY_UP
NUGT,2026-01-06,15.09,UP,2_day,709260,556400,-21.6,1,-24.0,1.38,DRY_UP
IONX,2026-01-06,17.16,UP,2_day,2308580,1810000,-21.6,2,-16.1,3.48,DRY_UP
APLX,2025-12-22,31.92,UP,2_day,529860,413100,-22.0,3,39.5,10.67,BUILDING_MOMENTUM
XXRP,2026-01-07,-12.4,DOWN,2_day,2160080,1685000,-22.0,2,72.4,10.54,STEADY_INCREASE
CRWG,2025-12-23,-10.46,DOWN,single_day,24174620,18805000,-22.2,2,7.5,11.21,DRY_UP
CRCG,2025-12-24,-10.51,DOWN,2_day,7303820,5674100,-22.3,2,3.3,2.44,DRY_UP
RGTX,2026-01-06,14.38,UP,2_day,2912300,2258400,-22.5,2,-3.1,5.63,DRY_UP
QUBX,2025-12-29,-15.51,DOWN,2_day,234560,181600,-22.6,2,-38.3,-0.61,DRY_UP
ETHT,2025-12-22,13.6,UP,2_day,1672140,1292900,-22.7,1,17.9,1.23,DRY_UP
MSOX,2026-01-06,-12.2,DOWN,2_day,1742920,1337800,-23.2,2,-22.2,1.42,DRY_UP
MSOX,2025-12-31,10.62,UP,2_day,2095080,1598000,-23.7,2,-45.3,0.36,DRY_UP
JNUG,2026-01-06,15.72,UP,2_day,292700,221800,-24.2,2,-28.5,1.53,DRY_UP
BULG,2026-01-06,11.45,UP,2_day,378100,283200,-25.1,2,47.2,3.06,STEADY_INCREASE
CCUP,2026-01-05,14.52,UP,2_day,629500,469600,-25.4,2,-45.1,1.32,DRY_UP
ASMG,2026-01-09,12.9,UP,single_day,182320,136000,-25.4,1,-45.6,1.41,DRY_UP
AGQ,2025-12-22,10.74,UP,2_day,3954280,2932900,-25.8,2,51.8,2.6,STEADY_INCREASE
OKLL,2025-12-30,-13.43,DOWN,2_day,2418920,1777200,-26.5,2,-31.9,-5.97,DRY_UP
AMDG,2025-12-22,13.9,UP,2_day,84960,61900,-27.1,3,145.6,1.53,BUILDING_MOMENTUM
IRE,2026-01-07,-18.44,DOWN,2_day,14637120,10649900,-27.2,2,138.6,9.83,STEADY_INCREASE
MULL,2026-01-09,10.76,UP,single_day,387900,280000,-27.8,2,19.0,2.1,DRY_UP
CRWU,2025-12-23,-10.76,DOWN,single_day,2349820,1688700,-28.1,4,121.2,11.18,BUILDING_MOMENTUM
QUBX,2025-12-23,13.65,UP,2_day,304320,217800,-28.4,2,-2.9,4.7,DRY_UP
NEBX,2025-12-29,-11.24,DOWN,2_day,744840,532400,-28.5,1,-51.5,-1.01,DRY_UP
IONL,2025-12-24,-14.56,DOWN,2_day,297140,211000,-29.0,1,-11.4,6.05,DRY_UP
APLX,2026-01-12,39.01,UP,2_day,818400,580100,-29.1,2,81.9,11.72,STEADY_INCREASE
RIOX,2026-01-12,15.05,UP,single_day,514480,365000,-29.1,1,-36.1,1.65,DRY_UP
IREX,2025-12-30,-10.02,DOWN,2_day,1323620,934000,-29.4,2,-36.4,-3.27,DRY_UP
NVDL,2025-12-22,11.01,UP,2_day,9373240,6595300,-29.6,2,22.6,1.34,DRY_UP
CRCA,2026-01-07,-10.24,DOWN,2_day,7982900,5556600,-30.4,2,102.0,2.97,STEADY_INCREASE
RKLX,2026-01-12,11.95,UP,2_day,2921760,2030300,-30.5,1,-16.4,4.28,DRY_UP
ETU,2025-12-22,13.34,UP,2_day,197900,137300,-30.6,1,46.1,1.28,STEADY_INCREASE
WULX,2025-12-22,15.4,UP,2_day,197200,136400,-30.8,1,21.6,0.14,DRY_UP
BAIG,2025-12-26,-10.16,DOWN,single_day,335720,232300,-30.8,1,-46.8,3.8,DRY_UP
BMNG,2025-12-26,-10.59,DOWN,2_day,6727500,4611300,-31.5,1,7.2,1.81,DRY_UP
CIFU,2025-12-26,-12.51,DOWN,single_day,150280,102900,-31.5,1,-22.5,4.27,DRY_UP
RKLX,2025-12-26,-16.74,DOWN,single_day,3059520,2090700,-31.7,2,-18.3,13.37,DRY_UP
BULG,2026-01-02,10.56,UP,single_day,320540,217400,-32.2,3,186.8,-3.97,BUILDING_MOMENTUM
APLX,2025-12-26,-13.78,DOWN,single_day,421420,281600,-33.2,1,-58.1,4.42,DRY_UP
FIGG,2025-12-22,11.03,UP,2_day,237360,157600,-33.6,1,-36.3,5.97,DRY_UP
JOBX,2026-01-08,-12.74,DOWN,2_day,201600,133300,-33.9,2,110.2,8.69,STEADY_INCREASE
MSOX,2025-12-23,-10.58,DOWN,2_day,6352800,4191000,-34.0,1,49.7,-15.49,STEADY_INCREASE
DJTU,2025-12-30,-16.44,DOWN,2_day,2099360,1381500,-34.2,2,-46.9,-4.69,DRY_UP
AVGG,2026-01-12,11.85,UP,2_day,265280,171700,-35.3,1,-36.8,0.21,DRY_UP
SOXL,2025-12-22,12.13,UP,2_day,97718460,62717400,-35.8,2,21.8,0.63,DRY_UP
SOFX,2026-01-07,-15.59,DOWN,2_day,806340,513400,-36.3,3,79.6,1.07,BUILDING_MOMENTUM
RKLX,2025-12-29,-17.96,DOWN,2_day,2914940,1836600,-37.0,2,-47.4,0.4,DRY_UP
RIOX,2026-01-06,10.88,UP,2_day,841040,530100,-37.0,2,26.4,4.86,DRY_UP
HOOG,2026-01-08,-10.26,DOWN,2_day,241620,151600,-37.3,1,-9.5,1.79,DRY_UP
SOXL,2026-01-12,10.07,UP,2_day,84084760,52688700,-37.3,2,-17.3,2.54,DRY_UP
OPEX,2026-01-12,19.78,UP,2_day,690180,430300,-37.7,3,151.0,8.35,BUILDING_MOMENTUM
ETHU,2025-12-22,13.64,UP,2_day,8090920,5031500,-37.8,1,25.7,1.29,DRY_UP
IRE,2025-12-30,-10.29,DOWN,2_day,12089000,7513500,-37.8,2,-33.0,-3.48,DRY_UP
UVIX,2025-12-22,-13.76,DOWN,2_day,31011900,19211200,-38.1,2,0.5,-2.88,DRY_UP
ASTX,2026-01-12,17.15,UP,2_day,3057460,1884600,-38.4,2,-7.2,4.28,DRY_UP
HOOG,2026-01-07,-10.04,DOWN,2_day,255440,156900,-38.6,1,51.3,2.63,STEADY_INCREASE
BAIG,2025-12-23,-10.38,DOWN,single_day,402580,246800,-38.7,2,25.7,4.97,DRY_UP
NVDG,2025-12-22,11.29,UP,2_day,432740,258700,-40.2,3,81.0,1.34,BUILDING_MOMENTUM
INTW,2026-01-12,13.46,UP,2_day,1175500,696600,-40.7,2,116.5,7.68,STEADY_INCREASE
DJTU,2026-01-05,17.3,UP,2_day,2177740,1276300,-41.4,2,82.9,-0.17,STEADY_INCREASE
MSOX,2025-12-29,-12.72,DOWN,single_day,3129460,1818500,-41.9,1,-53.2,-1.34,DRY_UP
HOOX,2026-01-08,-10.39,DOWN,2_day,194760,113100,-41.9,1,26.8,1.8,DRY_UP
BEX,2026-01-12,24.99,UP,2_day,871720,503200,-42.3,2,50.9,13.34,STEADY_INCREASE
ASMG,2026-01-12,14.01,UP,2_day,161520,92800,-42.5,1,-50.3,1.82,DRY_UP
MSOX,2025-12-22,-18.16,DOWN,single_day,7007820,3964800,-43.4,1,17.4,-1.58,DRY_UP
UXRP,2026-01-08,-11.8,DOWN,2_day,637960,360100,-43.6,3,76.2,9.67,BUILDING_MOMENTUM
UXRP,2026-01-07,-12.31,DOWN,2_day,602640,337500,-44.0,4,248.5,10.51,BUILDING_MOMENTUM
APLX,2025-12-23,-12.24,DOWN,single_day,517460,289400,-44.1,3,29.2,7.75,BUILDING_MOMENTUM
CRDU,2026-01-12,20.72,UP,2_day,1020440,564800,-44.7,2,-5.3,3.67,DRY_UP
UVXY,2025-12-22,-10.42,DOWN,2_day,10041160,5383700,-46.4,1,-10.3,-2.12,DRY_UP
CLSX,2025-12-26,-10.82,DOWN,2_day,846800,452000,-46.6,0,-40.5,1.21,DRY_UP
CIFU,2025-12-29,-14.83,DOWN,2_day,131600,67600,-48.6,1,1.1,-3.45,DRY_UP
SOLT,2025-12-22,11.61,UP,2_day,13708640,7042500,-48.6,2,51.6,1.05,STEADY_INCREASE
XRPT,2025-12-22,10.12,UP,2_day,2569700,1288300,-49.9,2,11.5,0.72,DRY_UP
CRWU,2025-12-29,-10.08,DOWN,2_day,2210840,1078500,-51.2,2,-67.1,-4.1,DRY_UP
DJTU,2025-12-29,-16.49,DOWN,2_day,3456120,1667100,-51.8,1,-76.0,-7.44,DRY_UP
NBIG,2025-12-29,-11.2,DOWN,2_day,571860,264900,-53.7,2,-75.6,-1.15,DRY_UP
BEX,2025-12-22,30.74,UP,2_day,972580,441200,-54.6,2,55.8,0.25,STEADY_INCREASE
CRCA,2025-12-24,-10.53,DOWN,2_day,11153120,4990600,-55.3,2,-14.3,2.28,DRY_UP
CWVX,2025-12-24,-13.85,DOWN,2_day,2407240,1061400,-55.9,2,15.5,12.07,DRY_UP
CLSX,2025-12-29,-12.39,DOWN,2_day,713120,311500,-56.3,1,-52.9,-4.98,DRY_UP
BMNG,2025-12-24,-11.58,DOWN,2_day,7304840,3097400,-57.6,2,27.0,1.13,DRY_UP
CIFU,2025-12-22,20.38,UP,2_day,268540,110400,-58.9,1,-27.3,5.1,DRY_UP
CCUP,2025-12-24,-10.29,DOWN,2_day,1132560,462700,-59.1,1,-14.4,2.29,DRY_UP
DJTU,2026-01-07,-10.24,DOWN,single_day,2009200,816100,-59.4,1,-53.6,6.26,DRY_UP
RGTU,2025-12-24,-17.49,DOWN,2_day,458380,183900,-59.9,2,47.4,5.99,STEADY_INCREASE
CRWG,2025-12-24,-13.87,DOWN,2_day,24143260,9279500,-61.6,1,10.2,12.23,DRY_UP
BMNU,2025-12-24,-11.53,DOWN,2_day,45095000,16659200,-63.1,1,-26.4,0.99,DRY_UP
CLSX,2025-12-24,-11.4,DOWN,2_day,999180,355800,-64.4,1,-17.9,0.33,DRY_UP
QUBX,2025-12-24,-13.26,DOWN,2_day,312020,102900,-67.0,1,-24.9,7.16,DRY_UP
WULX,2025-12-26,-10.89,DOWN,2_day,139820,45200,-67.7,0,-52.4,3.21,DRY_UP
DJTU,2025-12-23,-24.21,DOWN,2_day,5018560,1590200,-68.3,1,2720.1,18.73,STEADY_INCREASE
BAIG,2025-12-24,-12.06,DOWN,2_day,391900,116500,-70.3,1,1.8,5.93,DRY_UP
CRWU,2025-12-24,-13.87,DOWN,2_day,2446540,630900,-74.2,3,92.7,12.1,BUILDING_MOMENTUM
MSOX,2025-12-24,10.49,UP,2_day,6101340,1564900,-74.4,2,-47.9,-15.12,DRY_UP
APLX,2025-12-24,-14.27,DOWN,2_day,499040,111000,-77.8,2,-11.9,9.36,DRY_UP
